Link Name,Center of Mass X,Center of Mass Y,Center of Mass Z,Center of Mass Roll,Center of Mass Pitch,Center of Mass Yaw,Mass,Moment Ixx,Moment Ixy,Moment Ixz,Moment Iyy,Moment Iyz,Moment Izz,Visual X,Visual Y,Visual Z,Visual Roll,Visual Pitch,Visual Yaw,Mesh Filename,Color Red,Color Green,Color Blue,Color Alpha,Collision X,Collision Y,Collision Z,Collision Roll,Collision Pitch,Collision Yaw,Collision Mesh Filename,Material Name,SW Components,Coordinate System,Axis Name,Joint Name,Joint Type,Joint Origin X,Joint Origin Y,Joint Origin Z,Joint Origin Roll,Joint Origin Pitch,Joint Origin Yaw,Parent,Joint Axis X,Joint Axis Y,Joint Axis Z,Limit Effort,Limit Velocity,Limit Lower,Limit Upper,Calibration rising,Calibration falling,Dynamics Damping,Dynamics Friction,Safety Soft Upper,Safety Soft Lower,Safety K Position,Safety K Velocity
base_link,1.76722498405988E-07,-0.0549202550494107,0.105905346730135,0,0,0,19.781816347162,0.66224937834984,-7.99738734935636E-05,5.43414043463798E-09,0.611860803079755,0.0384163909069222,1.09392783954598,0,0,0,0,0,0,package://openarm_skeleton_v1.2/meshes/base_link.STL,0.501960784313725,0.501960784313725,0.501960784313725,1,0,0,0,0,0,0,package://openarm_skeleton_v1.2/meshes/base_link.STL,,Skeleton-1/Chassis-1;Skeleton-1/REV_21_3005-3;Skeleton-1/REV_21_3005-4;Skeleton-1/1.5 inch Caster Wheel V2-2;Skeleton-1/1.5 inch Caster Wheel V2-1;cavity-2;Mirrorcavity-1;Skeleton-1/battery pack-4;Skeleton-1/battery pack-3;Skeleton-1/battery pack-2;Skeleton-1/battery pack-1,Coordinate System34,,,,0,0,0,0,0,0,,0,0,0,,,,,,,,,,,,
lidar_link,3.89031008858811E-08,-0.0121105500144927,-0.000394725123224415,0,0,0,0.102512281260832,3.53114521348572E-05,-2.14007262553239E-11,1.90230856179746E-11,4.34967311878936E-05,1.15863853911775E-07,3.50511621574194E-05,0,0,0,0,0,0,package://openarm_skeleton_v1.2/meshes/lidar_link.STL,0.894117647058823,0.894117647058823,0.894117647058823,1,0,0,0,0,0,0,package://openarm_skeleton_v1.2/meshes/lidar_link.STL,,Skeleton-1/RPLIDAR C1-1,Coordinate System7,Axis_lidar_joint,lidar_joint,fixed,0,0.262587288177546,0.0412956168184492,1.5707963267949,0,3.14159265358979,base_link,0,0,0,,,,,,,,,,,,
caster_link_1,6.22101303185473E-05,-0.00313761439977215,-0.00384103338525035,0,0,0,0.00677703405323571,1.46888106461269E-06,9.37565723826939E-09,3.8872800641571E-09,1.40776133849482E-06,-3.70029221716473E-07,1.6521016778306E-06,0,0,0,0,0,0,package://openarm_skeleton_v1.2/meshes/caster_link_1.STL,0.894117647058823,0.894117647058823,0.894117647058823,1,0,0,0,0,0,0,package://openarm_skeleton_v1.2/meshes/caster_link_1.STL,,Skeleton-1/Combine1-2,Coordinate System5,Axis5,caster_joint_1,continuous,0,0.176589301173827,0.00550045665764806,1.5707963267949,0,3.14159265358979,base_link,0,1,0,,,,,,,,,,,,
caster_wheel_link_1,3.03368317750187E-05,0.000800000000000124,-5.55111512312578E-17,0,0,0,0.0213380821110363,4.05438044646849E-06,-2.692158016047E-22,3.64307062963476E-22,2.67168168861754E-06,9.75405387793057E-23,2.67168168861754E-06,0,0,0,0,0,0,package://openarm_skeleton_v1.2/meshes/caster_wheel_link_1.STL,0.894117647058823,0.894117647058823,0.894117647058823,1,0,0,0,0,0,0,package://openarm_skeleton_v1.2/meshes/caster_wheel_link_1.STL,,Skeleton-1/Combine2-2,Coordinate System1,Axis1,caster_wheel_joint_1,continuous,-3.03368317750023E-05,-0.026188,-0.013059696374943,0,0,0,caster_link_1,-1,0,0,,,,,,,,,,,,
caster_link_2,6.22101303185935E-05,-0.00313761439977209,-0.00384103338525024,0,0,0,0.00677703405323562,1.46888106461267E-06,9.37565723827122E-09,3.88728006415846E-09,1.40776133849481E-06,-3.70029221716476E-07,1.65210167783057E-06,0,0,0,0,0,0,package://openarm_skeleton_v1.2/meshes/caster_link_2.STL,0.894117647058823,0.894117647058823,0.894117647058823,1,0,0,0,0,0,0,package://openarm_skeleton_v1.2/meshes/caster_link_2.STL,,Skeleton-1/Combine1-1,Coordinate System6,Axis6,caster_joint_2,continuous,0,-0.230422686758675,0.00550045665764795,1.5707963267949,0,3.14159265358979,base_link,0,1,0,,,,,,,,,,,,
caster_wheel_link_2,3.0336831774983E-05,0.000800000000000019,-1.38777878078145E-16,0,0,0,0.0213380821110363,4.05438044647021E-06,-2.53079607432932E-22,-3.39379617773477E-22,2.67168168861839E-06,4.04163018769599E-24,2.67168168861839E-06,0,0,0,0,0,0,package://openarm_skeleton_v1.2/meshes/caster_wheel_link_2.STL,0.894117647058823,0.894117647058823,0.894117647058823,1,0,0,0,0,0,0,package://openarm_skeleton_v1.2/meshes/caster_wheel_link_2.STL,,Skeleton-1/Combine2-1,Coordinate System2,Axis2,caster_wheel_joint_2,continuous,-3.03368317750023E-05,-0.026188,-0.013059696374943,0,0,0,caster_link_2,-1,0,0,,,,,,,,,,,,
drive_link_1,3.35402985113253E-06,-1.14475242523129E-07,7.81166588440628E-08,0,0,0,0.0293105291782999,3.55282252393592E-05,-4.3527278880423E-11,-6.38694569424168E-11,1.95684978413575E-05,5.01815459699816E-09,1.95724433445047E-05,0,0,0,0,0,0,package://openarm_skeleton_v1.2/meshes/drive_link_1.STL,1,1,1,1,0,0,0,0,0,0,package://openarm_skeleton_v1.2/meshes/drive_link_1.STL,,Skeleton-1/drive-wheel-1,Coordinate System3,Axis3,drive_joint_1,continuous,-0.225,-0.000422686758675673,-0.00190000000000002,1.5707963267949,0,3.14159265358979,base_link,1,0,0,,,,,,,,,,,,
drive_link_2,3.35400096948546E-06,1.3469155054225E-07,-3.31813576476714E-08,0,0,0,0.0293105292039599,3.55282252472513E-05,1.84142240012114E-11,7.50590452540427E-11,1.95656898396472E-05,2.49349446902646E-09,1.95752513573869E-05,0,0,0,0,0,0,package://openarm_skeleton_v1.2/meshes/drive_link_2.STL,1,1,1,1,0,0,0,0,0,0,package://openarm_skeleton_v1.2/meshes/drive_link_2.STL,,Skeleton-1/drive-wheel-2,Coordinate System4,Axis4,drive_joint_2,continuous,0.225,-0.000422686758674333,-0.00189999999999995,1.5707963267949,0,3.14159265358979,base_link,-1,0,0,,,,,,,,,,,,
skeleton_link_1,0.185,-2.77555756156289E-17,-0.13994351202019,0,0,0,0.485418124319937,0.00570771338104877,3.72715308131887E-21,-7.56309197151013E-20,0.00569850301081154,2.14114377960721E-19,9.58404886489692E-05,0,0,0,0,0,0,package://openarm_skeleton_v1.2/meshes/skeleton_link_1.STL,0.894117647058823,0.894117647058823,0.894117647058823,1,0,0,0,0,0,0,package://openarm_skeleton_v1.2/meshes/skeleton_link_1.STL,,Skeleton-1/Actuator^Skeleton-1;Skeleton-1/Link-1;Skeleton-1/Actuator^Skeleton-8;Skeleton-1/Link-7,Coordinate System8,Axis8,skeleton_joint_1,continuous,0.185,0.249577313241325,0.12,1.5707963267949,0,3.14159265358979,base_link,-1,0,0,,,,,,,,,,,,
skeleton_link_2,0.115,1.2490009027033E-16,0.137036541368775,0,0,0,0.515418124319939,0.00628165794961405,-3.47478516646945E-20,8.67361737988404E-19,0.00639856001261118,-2.75986104262583E-22,0.000226452921883321,0,0,0,0,0,0,package://openarm_skeleton_v1.2/meshes/skeleton_link_2.STL,0.894117647058823,0.894117647058823,0.894117647058823,1,0,0,0,0,0,0,package://openarm_skeleton_v1.2/meshes/skeleton_link_2.STL,,Skeleton-1/Actuator^Skeleton-2;Skeleton-1/Link (Offset)-2;Skeleton-1/Actuator^Skeleton-6;Skeleton-1/Link (Offset)-4,Coordinate System10,Axis10,skeleton_joint_2,continuous,0.0699999999999998,0,-0.47,0,0,0,skeleton_link_1,-1,0,0,,,,,,,,,,,,
skeleton_link_3,0.105,4.16333634234434E-17,-0.13994351202019,0,0,0,0.485418124319937,0.00570771338104877,1.74272938335161E-21,-4.57283844790527E-20,0.00569850301081154,6.21853497625901E-19,9.58404886489692E-05,0,0,0,0,0,0,package://openarm_skeleton_v1.2/meshes/skeleton_link_3.STL,0.894117647058823,0.894117647058823,0.894117647058823,1,0,0,0,0,0,0,package://openarm_skeleton_v1.2/meshes/skeleton_link_3.STL,,Skeleton-1/Actuator^Skeleton-3;Skeleton-1/Link-6;Skeleton-1/Actuator^Skeleton-7;Skeleton-1/Link-8,Coordinate System11,Axis11,skeleton_joint_3,continuous,0.0100000000000002,0,0.47,0,0,0,skeleton_link_2,-1,0,0,,,,,,,,,,,,
skeleton_link_4,0.0450000000000001,0,0.137036541368775,0,0,0,0.515418124319939,0.00628165794961405,-1.06313374172081E-20,-1.02999206386123E-18,0.00639856001261117,-2.32874553538984E-19,0.000226452921883321,0,0,0,0,0,0,package://openarm_skeleton_v1.2/meshes/skeleton_link_4.STL,0.894117647058823,0.894117647058823,0.894117647058823,1,0,0,0,0,0,0,package://openarm_skeleton_v1.2/meshes/skeleton_link_4.STL,,Skeleton-1/Actuator^Skeleton-4;Skeleton-1/Link (Offset)-3;Skeleton-1/Actuator^Skeleton-5;Skeleton-1/Link (Offset)-5,Coordinate System12,Axis12,skeleton_joint_4,continuous,0.0599999999999999,0,-0.47,0,0,0,skeleton_link_3,-1,0,0,,,,,,,,,,,,
skeleton_link_5,0.0649999999999981,0.0848799419779665,-0.0460000000000002,0,0,0,0.678306869972602,0.00125205593871752,9.91227071634544E-20,-3.85979852518604E-19,0.00107079691721638,7.59155879180062E-20,0.000534847959311986,0,0,0,0,0,0,package://openarm_skeleton_v1.2/meshes/skeleton_link_5.STL,0.894117647058823,0.894117647058823,0.894117647058823,1,0,0,0,0,0,0,package://openarm_skeleton_v1.2/meshes/skeleton_link_5.STL,,OpenArm-1/skeleton-1;OpenArm-1/openarm_v2.0_mir-1/J1-J2_mir-1/J1_A-1;OpenArm-1/openarm_v2.0-1/J1-J2-1/J1_A-1,Coordinate System13,Axis13,skeleton_joint_5,continuous,-0.0199999999999997,0,0.47,0,0,0,skeleton_link_4,-1,0,0,,,,,,,,,,,,
camera_link,4.72001994780702E-16,-0.0250000000000002,1.94289029309402E-16,0,0,0,0.375,0.00015625,3.03057094754954E-20,3.57906430910097E-19,0.00078125,-8.3754617824505E-21,0.00078125,0,0,0,0,0,0,package://openarm_skeleton_v1.2/meshes/camera_link.STL,0.894117647058823,0.894117647058823,0.894117647058823,1,0,0,0,0,0,0,package://openarm_skeleton_v1.2/meshes/camera_link.STL,,OpenArm-1/camera-2,Coordinate System35,Axis_camera_joint,camera_joint,fixed,0.0649999999999994,0.175,-0.046,0,0,0,skeleton_link_5,0,0,0,,,,,,,,,,,,
left_arm_l_0,0.000478050003671626,0.0320805827333226,-0.000239990913531052,0,0,0,0.393161756273582,0.000307702422206836,-1.06313786548289E-08,-1.17337683034229E-06,0.000426861717065178,3.97793850243692E-07,0.000306790169414203,0,0,0,0,0,0,package://openarm_skeleton_v1.2/meshes/left_arm_l_0.STL,0.792156862745098,0.819607843137255,0.933333333333333,1,0,0,0,0,0,0,package://openarm_skeleton_v1.2/meshes/left_arm_l_0.STL,,OpenArm-1/openarm_v2.0_mir-1/J1-J2_mir-1/DM8009P_simplified-1;OpenArm-1/openarm_v2.0_mir-1/J1-J2_mir-1/J1_B-1,Coordinate System33,,left_arm_j_0,fixed,0.035,0.075,-0.046,1.5708,1.5708,0,skeleton_link_5,0,0,0,,,,,,,,,,,,
left_arm_l_1,0.000384289209483302,0.0659560806913898,3.88578058618805E-16,0,0,0,0.417896998439512,0.000435185327214846,-5.46304642916279E-07,-5.369157396068E-20,0.000322179008126222,-1.11439832938467E-08,0.000312211541537693,0,0,0,0,0,0,package://openarm_skeleton_v1.2/meshes/left_arm_l_1.STL,0.792156862745098,0.819607843137255,0.933333333333333,1,0,0,0,0,0,0,package://openarm_skeleton_v1.2/meshes/left_arm_l_1.STL,,OpenArm-1/openarm_v2.0_mir-1/J1-J2_mir-1/J1_C-1;OpenArm-1/openarm_v2.0_mir-1/J1-J2_mir-1/J1_D-1;OpenArm-1/openarm_v2.0_mir-1/J1-J2_mir-1/J1_E-1;OpenArm-1/openarm_v2.0_mir-1/J1-J2_mir-1/DM8009P_simplified-2,Coordinate System23,Axis14&Axis23,left_arm_j_1,continuous,0,0.0528,0,0,0,0,left_arm_l_0,0,1,0,,,,,,,,,,,,
left_arm_l_2,-0.0181649843889426,-3.88578058618805E-16,-0.0425257021016032,0,0,0,0.0410339307743297,1.56063744483459E-05,-3.70085557037042E-22,6.87587621943479E-07,1.43496851079093E-05,2.16262029439145E-20,1.22704248489441E-05,0,0,0,0,0,0,package://openarm_skeleton_v1.2/meshes/left_arm_l_2.STL,0.792156862745098,0.819607843137255,0.933333333333333,1,0,0,0,0,0,0,package://openarm_skeleton_v1.2/meshes/left_arm_l_2.STL,,OpenArm-1/openarm_v2.0_mir-1/J1-J2_mir-1/J2-J3-1/J2_C-1;OpenArm-1/openarm_v2.0_mir-1/J1-J2_mir-1/J2-J3-1/J2_A-1;OpenArm-1/openarm_v2.0_mir-1/J1-J2_mir-1/J2-J3-1/J2_B-1,Coordinate System24,Axis23,left_arm_j_2,continuous,0,0.0697,0,0,0,0,left_arm_l_1,1,0,0,,,,,,,,,,,,
left_arm_l_3,-0.000733287364189095,-0.000296841334490733,-0.0363670995398083,0,0,0,0.318207012504849,0.000214572310126467,-2.61833639061582E-08,-5.68586761152577E-06,0.000199406624741096,-1.05631656971532E-06,0.000143963991485052,0,0,0,0,0,0,package://openarm_skeleton_v1.2/meshes/left_arm_l_3.STL,0.792156862745098,0.819607843137255,0.933333333333333,1,0,0,0,0,0,0,package://openarm_skeleton_v1.2/meshes/left_arm_l_3.STL,,OpenArm-1/openarm_v2.0_mir-1/J3-J5-1-1/DM4340P_simplified-1;OpenArm-1/openarm_v2.0_mir-1/J3-J5-1-1/J4_A-1;OpenArm-1/openarm_v2.0_mir-1/J3-J5-1-1/SETS8-61-SC0-M3-N3-1;OpenArm-1/openarm_v2.0_mir-1/J3-J5-1-1/DM4340_simplified-1;OpenArm-1/openarm_v2.0_mir-1/J3-J5-1-1/J4_B-1,Coordinate System25,Axis24,left_arm_j_3,continuous,0,0,-0.12275,0,0,0,left_arm_l_2,0,0,-1,,,,,,,,,,,,
left_arm_l_4,-0.00118671509447296,-0.00119052498979338,-0.0637498651832506,0,0,0,0.146195884397434,7.94761709012597E-05,6.59595389006359E-07,-3.76288556280599E-07,7.86821183696804E-05,3.96998532961347E-07,5.53918130951709E-05,0,0,0,0,0,0,package://openarm_skeleton_v1.2/meshes/left_arm_l_4.STL,0.792156862745098,0.819607843137255,0.933333333333333,1,0,0,0,0,0,0,package://openarm_skeleton_v1.2/meshes/left_arm_l_4.STL,,OpenArm-1/openarm_v2.0_mir-1/J3-J5-1-1/J4_D-E-1/J4_E-1;OpenArm-1/openarm_v2.0_mir-1/J3-J5-1-1/J4_D-E-1/J4_D-1;OpenArm-1/openarm_v2.0_mir-1/J3-J5-1-1/J4_D-E-1/SETS8-74.2-SC0-M3-N3-2;OpenArm-1/openarm_v2.0_mir-1/J3-J5-1-1/DM4310_simplified-1;OpenArm-1/openarm_v2.0_mir-1/J3-J5-1-1/J4_C-1;OpenArm-1/openarm_v2.0_mir-1/J3-J5-1-1/J4_D-E-1/SETS8-74.2-SC0-M3-N3-1,Coordinate System26,Axis25,left_arm_j_4,continuous,0,0,-0.0972500000000004,0,0,0,left_arm_l_3,0,1,0,,,,,,,,,,,,
left_arm_l_5,-0.000525006673664064,0.00354984456565832,-0.0906882077613854,0,0,0,0.150092240495796,6.05049470580721E-05,-2.77429867294672E-08,-1.39156688811237E-07,6.50167000870299E-05,8.39789361297575E-08,4.95851660825586E-05,0,0,0,0,0,0,package://openarm_skeleton_v1.2/meshes/left_arm_l_5.STL,0.792156862745098,0.819607843137255,0.933333333333333,1,0,0,0,0,0,0,package://openarm_skeleton_v1.2/meshes/left_arm_l_5.STL,,OpenArm-1/openarm_v2.0_mir-1/J3-J5-1-1/J5_A_v2.0-1;OpenArm-1/openarm_v2.0_mir-1/J6_mir-1/J6_B-1;OpenArm-1/openarm_v2.0_mir-1/J6_mir-1/J6_A-1;OpenArm-1/openarm_v2.0_mir-1/J6_mir-1/DM4310_simplified-1;OpenArm-1/openarm_v2.0_mir-1/J6_mir-1/J6_D-1;OpenArm-1/openarm_v2.0_mir-1/J6_mir-1/J6_C_mir-1;OpenArm-1/openarm_v2.0_mir-1/J7_mir-1/J7_E-1;OpenArm-1/openarm_v2.0_mir-1/J7_mir-1/J7_D_mir-1;OpenArm-1/openarm_v2.0_mir-1/J7_mir-1/DBSY4-6-5_simplified-2;OpenArm-1/openarm_v2.0_mir-1/J7_mir-1/SWSPS12-6-0.5_simplified-4;OpenArm-1/openarm_v2.0_mir-1/J7_mir-1/SWSPS12-6-0.5_simplified-2;OpenArm-1/openarm_v2.0_mir-1/J7_mir-1/DBSY4-6-5_simplified-1,Coordinate System27,Axis26,left_arm_j_5,continuous,0,0,-0.0494999999999989,0,0,0,left_arm_l_4,0,0,1,,,,,,,,,,,,
left_arm_l_6,-0.00101125441075472,-0.000379908125704126,5.68770626473147E-05,0,0,0,0.133333655279781,5.24460920945636E-05,-6.10829088895453E-09,-8.19049088518682E-09,4.59997570129836E-05,1.10447110963508E-08,4.6087322266497E-05,0,0,0,0,0,0,package://openarm_skeleton_v1.2/meshes/left_arm_l_6.STL,0.792156862745098,0.819607843137255,0.933333333333333,1,0,0,0,0,0,0,package://openarm_skeleton_v1.2/meshes/left_arm_l_6.STL,,OpenArm-1/openarm_v2.0_mir-1/J7_mir-1/DM4310_simplified-1;OpenArm-1/openarm_v2.0_mir-1/J7_mir-1/J7_B-1;OpenArm-1/openarm_v2.0_mir-1/J7_mir-1/J7_A-1;OpenArm-1/openarm_v2.0_mir-1/J7_mir-1/J7_B-2;OpenArm-1/openarm_v2.0_mir-1/J7_mir-1/FL6700ZZ_simplified-2;OpenArm-1/openarm_v2.0_mir-1/J7_mir-1/FL6700ZZ_simplified-1;OpenArm-1/openarm_v2.0_mir-1/J7_mir-1/J7_C-1,Coordinate System28,Axis27,left_arm_j_6,continuous,0,0,-0.1665,0,0,0,left_arm_l_5,0,-1,0,,,,,,,,,,,,
left_arm_l_7,0.0152414462525053,-0.00882786861987034,-0.0646110660249111,0,0,0,0.17340107934801,6.88970957036716E-05,1.07121886457303E-07,4.75779577444704E-07,5.35255919284771E-05,1.62722229270954E-07,5.85158297192367E-05,0,0,0,0,0,0,package://openarm_skeleton_v1.2/meshes/left_arm_l_7.STL,0.792156862745098,0.819607843137255,0.933333333333333,1,0,0,0,0,0,0,package://openarm_skeleton_v1.2/meshes/left_arm_l_7.STL,,OpenArm-1/openarm_v2.0_mir-1/end-efector_v2.0_mir-1/end-efector_J7_joint_B_4310-1;OpenArm-1/openarm_v2.0_mir-1/end-efector_v2.0_mir-1/end-efector_J7_joint_A_4310_mir-1;OpenArm-1/openarm_v2.0_mir-1/end-efector_v2.0_mir-1/end-efector_J7_joint_C_4310-1;OpenArm-1/openarm_v2.0_mir-1/end-efector_v2.0_mir-1/DM4310_simplified-1;OpenArm-1/openarm_v2.0_mir-1/end-efector_v2.0_mir-1/camera_mount_4310_mir-1;OpenArm-1/openarm_v2.0_mir-1/end-efector_v2.0_mir-1/B0495_simplified-1;OpenArm-1/openarm_v2.0_mir-1/end-efector_v2.0_mir-1/UGREEN_typeC-1;OpenArm-1/openarm_v2.0_mir-1/end-efector_v2.0_mir-1/end-efector_base_4310-1,Coordinate System29,Axis28,left_arm_j_7,continuous,0,0,0,0,0,0,left_arm_l_6,-1,0,0,,,,,,,,,,,,
left_arm_grip_l_8a,-0.00765756272075127,-0.00272416414547527,-0.0524005750405666,0,0,0,0.0507871288135015,2.38675470300038E-05,-1.27569899214257E-06,7.03176074558871E-06,2.80450354605529E-05,4.28647700399202E-06,1.1733339927882E-05,0,0,0,0,0,0,package://openarm_skeleton_v1.2/meshes/left_arm_grip_l_8a.STL,0.792156862745098,0.819607843137255,0.933333333333333,1,0,0,0,0,0,0,package://openarm_skeleton_v1.2/meshes/left_arm_grip_l_8a.STL,,OpenArm-1/openarm_v2.0_mir-1/end-efector_v2.0_mir-1/end-efector_finger_mount_adapter_B_4310-1;OpenArm-1/openarm_v2.0_mir-1/end-efector_v2.0_mir-1/SL-GEAHS1.0-36-6-A-17-QFC24-M3_simplified-2/SL-GEAHS1.0-36-6-A-17-QFC24-M3_root__simplified-1/GEAHS1.0-36-6-A-17-QFC24-M3_b_simplified-1;OpenArm-1/openarm_v2.0_mir-1/end-efector_v2.0_mir-1/end-efector_finger_R_v5_4310-1,Coordinate System30,Axis29,left_arm_grip_j_8a,continuous,0,-0.0180000000000021,-0.0680000000000013,0,0,0,left_arm_l_7,1,0,0,,,,,,,,,,,,
left_arm_grip_l_8b,-0.00765795092261157,0.00272849844161918,-0.0523973633906913,0,0,0,0.0507883796157093,2.38690460930164E-05,1.27600207315048E-06,7.03198292784848E-06,2.8045811513515E-05,-4.28726184801225E-06,1.17340916569686E-05,0,0,0,0,0,0,package://openarm_skeleton_v1.2/meshes/left_arm_grip_l_8b.STL,0.792156862745098,0.819607843137255,0.933333333333333,1,0,0,0,0,0,0,package://openarm_skeleton_v1.2/meshes/left_arm_grip_l_8b.STL,,OpenArm-1/openarm_v2.0_mir-1/end-efector_v2.0_mir-1/end-efector_finger_mount_adapter_A_4310-1;OpenArm-1/openarm_v2.0_mir-1/end-efector_v2.0_mir-1/end-efector_finger_L_v5_4310-1;OpenArm-1/openarm_v2.0_mir-1/end-efector_v2.0_mir-1/SL-GEAHS1.0-36-6-A-17-QFC24-M3_simplified-1/SL-GEAHS1.0-36-6-A-17-QFC24-M3_root__simplified-1/GEAHS1.0-36-6-A-17-QFC24-M3_b_simplified-1,Coordinate System31,Axis30,left_arm_grip_j_8b,continuous,0,0.017999999999998,-0.0680000000000011,0,0,0,left_arm_l_7,1,0,0,,,,,,,,,,,,
right_arm_l_0,0.000478050003669239,-0.0320805827332979,-0.000239990913536131,0,0,0,0.393161756273581,0.000307702422206835,1.06313786548047E-08,-1.19566479692998E-06,0.000426861717065178,-3.97793850243689E-07,0.000306790169414203,0,0,0,0,0,0,package://openarm_skeleton_v1.2/meshes/right_arm_l_0.STL,0.792156862745098,0.819607843137255,0.933333333333333,1,0,0,0,0,0,0,package://openarm_skeleton_v1.2/meshes/right_arm_l_0.STL,,OpenArm-1/openarm_v2.0-1/J1-J2-1/DM8009P_simplified-1;OpenArm-1/openarm_v2.0-1/J1-J2-1/J1_B-1,Coordinate System32,,right_arm_j_0,fixed,0.095,0.075,-0.046,1.5708,1.5708,0,skeleton_link_5,0,0,0,,,,,,,,,,,,
right_arm_l_1,0.000384289209507532,-0.057256080691395,2.4980018054066E-16,0,0,0,0.417896998439512,0.000435185327214846,5.46304642916275E-07,-4.12708500360836E-20,0.000322179008126222,-1.11439832938706E-08,0.000312211541537692,0,0,0,0,0,0,package://openarm_skeleton_v1.2/meshes/right_arm_l_1.STL,0.792156862745098,0.819607843137255,0.933333333333333,1,0,0,0,0,0,0,package://openarm_skeleton_v1.2/meshes/right_arm_l_1.STL,,OpenArm-1/openarm_v2.0-1/J1-J2-1/J1_C-1;OpenArm-1/openarm_v2.0-1/J1-J2-1/J1_D-1;OpenArm-1/openarm_v2.0-1/J1-J2-1/DM8009P_simplified-2;OpenArm-1/openarm_v2.0-1/J1-J2-1/J1_E-1,Coordinate System14,Axis14&Axis23,right_arm_j_1,continuous,0,-0.0615,0,0,0,0,right_arm_l_0,0,1,0,,,,,,,,,,,,
right_arm_l_2,-0.0181649843889452,2.48967513272191E-14,-0.0425257021016083,0,0,0,0.0410339307743297,1.56063744483458E-05,1.24255680824331E-22,6.87587621943488E-07,1.43496851079093E-05,1.56962553527413E-20,1.22704248489441E-05,0,0,0,0,0,0,package://openarm_skeleton_v1.2/meshes/right_arm_l_2.STL,0.792156862745098,0.819607843137255,0.933333333333333,1,0,0,0,0,0,0,package://openarm_skeleton_v1.2/meshes/right_arm_l_2.STL,,OpenArm-1/openarm_v2.0-1/J1-J2-1/J2-J3-1/J2_A-1;OpenArm-1/openarm_v2.0-1/J1-J2-1/J2-J3-1/J2_C-1;OpenArm-1/openarm_v2.0-1/J1-J2-1/J2-J3-1/J2_B-1,Coordinate System15,Axis15,right_arm_j_2,continuous,0,-0.0610000000000251,0,0,0,0,right_arm_l_1,1,0,0,,,,,,,,,,,,
right_arm_l_3,-0.000733287328108817,-0.00029684127523788,-0.0363670995346547,0,0,0,0.318207012504849,0.000214572548077092,-2.61833639059312E-08,-5.68591692078759E-06,0.000199406624741097,-1.05631656971551E-06,0.000143963753534428,0,0,0,0,0,0,package://openarm_skeleton_v1.2/meshes/right_arm_l_3.STL,0.792156862745098,0.819607843137255,0.933333333333333,1,0,0,0,0,0,0,package://openarm_skeleton_v1.2/meshes/right_arm_l_3.STL,,OpenArm-1/openarm_v2.0-1/J3-J5-1/J4_A-1;OpenArm-1/openarm_v2.0-1/J3-J5-1/DM4340P_simplified-1;OpenArm-1/openarm_v2.0-1/J3-J5-1/SETS8-61-SC0-M3-N3-1;OpenArm-1/openarm_v2.0-1/J3-J5-1/DM4340_simplified-1;OpenArm-1/openarm_v2.0-1/J3-J5-1/J4_B-1,Coordinate System16,Axis16,right_arm_j_3,continuous,0,0,-0.12275,0,0,0,right_arm_l_2,0,0,-1,,,,,,,,,,,,
right_arm_l_4,-0.00118091910603685,-0.000758610056252024,-0.0630589208633046,0,0,0,0.14780893514542,7.95999784356527E-05,6.62323462737325E-07,-3.84704241312998E-07,7.88824658817061E-05,3.98814690134079E-07,5.54753727035483E-05,0,0,0,0,0,0,package://openarm_skeleton_v1.2/meshes/right_arm_l_4.STL,0.792156862745098,0.819607843137255,0.933333333333333,1,0,0,0,0,0,0,package://openarm_skeleton_v1.2/meshes/right_arm_l_4.STL,,OpenArm-1/openarm_v2.0-1/J3-J5-1/J4_D-E-1/J4_D-1;OpenArm-1/openarm_v2.0-1/J3-J5-1/J4_D-E-1/SETS8-74.2-SC0-M3-N3-2;OpenArm-1/openarm_v2.0-1/J3-J5-1/J4_D-E-1/J4_E-1;OpenArm-1/openarm_v2.0-1/J3-J5-1/J4_C-1;OpenArm-1/openarm_v2.0-1/J3-J5-1/FL6803ZZ_simplified-1;OpenArm-1/openarm_v2.0-1/J3-J5-1/DM4310_simplified-1;OpenArm-1/openarm_v2.0-1/J3-J5-1/J4_D-E-1/SETS8-74.2-SC0-M3-N3-1,Coordinate System17,Axis17,right_arm_j_4,continuous,0,0,-0.0972499999876192,0,0,0,right_arm_l_3,0,1,0,,,,,,,,,,,,
right_arm_l_5,-0.00052500667367425,-0.00354984456551818,-0.0906882077613986,0,0,0,0.150092240495796,6.0504947058072E-05,2.77429867295024E-08,-1.61246012156799E-07,6.50167000870299E-05,-8.39789361297432E-08,4.95851660825585E-05,0,0,0,0,0,0,package://openarm_skeleton_v1.2/meshes/right_arm_l_5.STL,0.792156862745098,0.819607843137255,0.933333333333333,1,0,0,0,0,0,0,package://openarm_skeleton_v1.2/meshes/right_arm_l_5.STL,,OpenArm-1/openarm_v2.0-1/J6-1/DM4310_simplified-1;OpenArm-1/openarm_v2.0-1/J3-J5-1/J5_A_v2.0-1;OpenArm-1/openarm_v2.0-1/J6-1/J6_D-1;OpenArm-1/openarm_v2.0-1/J6-1/J6_B-1;OpenArm-1/openarm_v2.0-1/J6-1/J6_A-1;OpenArm-1/openarm_v2.0-1/J6-1/J6_C-1;OpenArm-1/openarm_v2.0-1/J7-1/J7_E-1;OpenArm-1/openarm_v2.0-1/J7-1/DBSY4-6-5_simplified-2;OpenArm-1/openarm_v2.0-1/J7-1/J7_D-1;OpenArm-1/openarm_v2.0-1/J7-1/SWSPS12-6-0.5_simplified-4;OpenArm-1/openarm_v2.0-1/J7-1/DBSY4-6-5_simplified-1;OpenArm-1/openarm_v2.0-1/J7-1/SWSPS12-6-0.5_simplified-1,Coordinate System18,Axis18,right_arm_j_5,continuous,0,0,-0.0495000000123808,0,0,0,right_arm_l_4,0,0,1,,,,,,,,,,,,
right_arm_l_6,-0.00101125441075869,0.000379908388703554,5.6877062603683E-05,0,0,0,0.133333655279781,5.24460920945636E-05,6.10813595730674E-09,-8.19049088516683E-09,4.59997570129837E-05,1.10447110963471E-08,4.6087322266497E-05,0,0,0,0,0,0,package://openarm_skeleton_v1.2/meshes/right_arm_l_6.STL,0.792156862745098,0.819607843137255,0.933333333333333,1,0,0,0,0,0,0,package://openarm_skeleton_v1.2/meshes/right_arm_l_6.STL,,OpenArm-1/openarm_v2.0-1/J7-1/DM4310_simplified-1;OpenArm-1/openarm_v2.0-1/J7-1/J7_A-1;OpenArm-1/openarm_v2.0-1/J7-1/J7_B-2;OpenArm-1/openarm_v2.0-1/J7-1/FL6700ZZ_simplified-2;OpenArm-1/openarm_v2.0-1/J7-1/J7_C-1;OpenArm-1/openarm_v2.0-1/J7-1/FL6700ZZ_simplified-1;OpenArm-1/openarm_v2.0-1/J7-1/J7_B-1,Coordinate System19,Axis19,right_arm_j_6,continuous,0,0,-0.166499999999999,0,0,0,right_arm_l_5,0,-1,0,,,,,,,,,,,,
right_arm_l_7,0.0152414485292883,0.00882798405104152,-0.0646110221705851,0,0,0,0.173401078774371,6.88970960008945E-05,-1.07124395211801E-07,4.75779262151756E-07,5.35255916629663E-05,-2.15736223644695E-07,5.85158298645475E-05,0,0,0,0,0,0,package://openarm_skeleton_v1.2/meshes/right_arm_l_7.STL,0.792156862745098,0.819607843137255,0.933333333333333,1,0,0,0,0,0,0,package://openarm_skeleton_v1.2/meshes/right_arm_l_7.STL,,OpenArm-1/openarm_v2.0-1/end-efector_v2.0-1/end-efector_J7_joint_A_4310-1;OpenArm-1/openarm_v2.0-1/end-efector_v2.0-1/end-efector_J7_joint_B_4310-1;OpenArm-1/openarm_v2.0-1/end-efector_v2.0-1/end-efector_J7_joint_C_4310-1;OpenArm-1/openarm_v2.0-1/end-efector_v2.0-1/DM4310_simplified-1;OpenArm-1/openarm_v2.0-1/end-efector_v2.0-1/camera_mount_4310-1;OpenArm-1/openarm_v2.0-1/end-efector_v2.0-1/UGREEN_typeC-1;OpenArm-1/openarm_v2.0-1/end-efector_v2.0-1/B0495_simplified-1;OpenArm-1/openarm_v2.0-1/end-efector_v2.0-1/end-efector_base_4310-1,Coordinate System20,Axis20,right_arm_j_7,continuous,0,0,0,0,0,0,right_arm_l_6,-1,0,0,,,,,,,,,,,,
right_arm_grip_l_8a,-0.00765795028516708,0.00272849816913334,-0.0523973641239594,0,0,0,0.0507883807905516,2.38690467767038E-05,1.27600243042092E-06,7.03198350719768E-06,2.80458126863677E-05,-4.28726215321524E-06,1.17340925231149E-05,0,0,0,0,0,0,package://openarm_skeleton_v1.2/meshes/right_arm_grip_l_8a.STL,0.792156862745098,0.819607843137255,0.933333333333333,1,0,0,0,0,0,0,package://openarm_skeleton_v1.2/meshes/right_arm_grip_l_8a.STL,,OpenArm-1/openarm_v2.0-1/end-efector_v2.0-1/end-efector_finger_mount_adapter_A_4310-1;OpenArm-1/openarm_v2.0-1/end-efector_v2.0-1/end-efector_finger_L_v5_4310-1;OpenArm-1/openarm_v2.0-1/end-efector_v2.0-1/SL-GEAHS1.0-36-6-A-17-QFC24-M3_simplified-1/SL-GEAHS1.0-36-6-A-17-QFC24-M3_root__simplified-1/GEAHS1.0-36-6-A-17-QFC24-M3_b_simplified-1,Coordinate System21,Axis21,right_arm_grip_j_8a,continuous,0,0.0180000000007756,-0.0679999999997946,0,0,0,right_arm_l_7,1,0,0,,,,,,,,,,,,
right_arm_grip_l_8b,-0.00765756272085297,-0.00272416414270157,-0.0524005750401966,0,0,0,0.0507871288106,2.38675470289878E-05,-1.27569899221451E-06,7.03176074575332E-06,2.80450354601988E-05,4.28647700290238E-06,1.17333399271555E-05,0,0,0,0,0,0,package://openarm_skeleton_v1.2/meshes/right_arm_grip_l_8b.STL,0.792156862745098,0.819607843137255,0.933333333333333,1,0,0,0,0,0,0,package://openarm_skeleton_v1.2/meshes/right_arm_grip_l_8b.STL,,OpenArm-1/openarm_v2.0-1/end-efector_v2.0-1/end-efector_finger_mount_adapter_B_4310-1;OpenArm-1/openarm_v2.0-1/end-efector_v2.0-1/end-efector_finger_R_v5_4310-1;OpenArm-1/openarm_v2.0-1/end-efector_v2.0-1/SL-GEAHS1.0-36-6-A-17-QFC24-M3_simplified-2/SL-GEAHS1.0-36-6-A-17-QFC24-M3_root__simplified-1/GEAHS1.0-36-6-A-17-QFC24-M3_b_simplified-1,Coordinate System22,Axis22,right_arm_grip_j_8b,continuous,0,-0.0179999999992242,-0.0680000000002043,0,0,0,right_arm_l_7,1,0,0,,,,,,,,,,,,
